"OBJECTID_1","OBJECTID","NAME","OWNER","TOWN","CLASS","CART_CL","ACRES","TYPE","GlobalID","TAX_ID","TNT_NAME","Nhood","Quad","LUCODE","LandUse","StNum","StName","YEARB","PNUMBR","WARD","SBL","TAX_ID2","TAX_ID3","TAX_ID4","TAX_ID5","TAX_ID6","TAX_ID7","Area_sqmi","Softball","Hardball","Soccer","T","FC","HC","H","HS","RS","Pool","Playground","Fieldhouse","GolfClubho","Bathouse","Pool_Mec","IceRink","Storage","Ball_Bldg","Rink_Bldg","Picnic_S","Greenhouse","Amphitheat","Gazebo","Rec_Bldg","Council_Di","Shape_Leng","Shape_Area","Park_Type"
1,77,"Norwood Park","CITY OF SYRACUSE","DEWITT","CITY","MAJOR",8.57368055,"C","{64BCDE4A-DF90-43C1-B97F-6EC35BD7234C}",NA,NA,NA,NA,NA,NA,"244","TAFT AVE & BEACON RD",NA,NA,NA,NA,NA,NA,NA,NA,NA,NA,0.0133961,0,0,0,0,0,0,0,0,0,0,0,0,0,0,0,0,0,0,0,0,0,0,0,0,NA,3951.77226357,373459.877126,"Neighborhood"
2,130,"Onondaga Lake Park","ONONDAGA COUNTY","SYRACUSE","COUNTY","MINOR",35.78533,"O","{A67FCEF0-CAED-4257-A144-9A8F42718D1A}","31150011400000020010020000",NA,NA,NA,NA,NA,NA,NA,NA,NA,NA,NA,NA,NA,NA,NA,NA,NA,0.0559134,0,0,0,0,0,0,0,0,0,0,0,0,0,0,0,0,0,0,0,0,0,0,0,0,"2",8203.54492507,1558768.87326,"Community"
3,131,"White Oaks Park","CITY OF SYRACUSE","SYRACUSE","CITY","MINOR",3.94977945,"C","{78736349-CBCD-4DB9-BD12-9FF47000E3C8}","31150011700000080080010000","Lakefront","Franklin Square","NW","652","Community Services","412","SPENCER ST TO ONONDAGA CR","1900","0285101101","02","117.-08-08.1",NA,NA,NA,NA,NA,NA,0.00616968,0,0,0,0,0,0,0,0,0,0,0,0,0,0,0,0,0,0,0,0,0,0,0,0,"2",2295.86339518,172000.182399,"Neighborhood"
4,132,"Franklin Square Park","CITY OF SYRACUSE","SYRACUSE","CITY","MINOR",0.75375872,"C","{BBFF3DC4-2239-4AA4-9620-FCC3B9570539}","31150011800000060070000000","Lakefront","Franklin Square","NW","591","Recreation","501","FRANKLIN ST N & PLUM ST","1989","0230002100","02","118.-06-07.0",NA,NA,NA,NA,NA,NA,0.00117772,0,0,0,0,0,0,0,0,0,0,0,0,0,0,0,0,0,0,0,0,0,0,0,0,"2",771.719471616,32832.8506947,"DowntownParks"
5,133,"Plum St. Circle","CITY OF SYRACUSE","SYRACUSE","CITY","MINOR",0.54324829,"C","{BE1ADFEA-032C-4AFC-B05B-99A0D8ED0C5D}","31150011800000080050000000","Lakefront","Franklin Square","NW","330","Vacant Land","508","PLUM ST TO ONONDAGA CRK",NA,"0270002100","02","118.-08-05.0","31150011800000080060010000",NA,NA,NA,NA,NA,0.000848808,0,0,0,0,0,0,0,0,0,0,0,0,0,0,0,0,0,0,0,0,0,0,0,0,"2",656.450158231,23663.3067363,"Median"
6,134,"Ashland Park","CITY OF SYRACUSE","SYRACUSE","CITY","MINOR",0.11395906,"C","{5CE105FC-A54A-456A-ACCC-45CDBD61974D}",NA,NA,NA,NA,NA,NA,NA,NA,NA,NA,NA,NA,NA,NA,NA,NA,NA,NA,0.000178058,0,0,0,0,0,0,0,0,0,0,0,0,0,0,0,0,0,0,0,0,0,0,0,0,"1",337.865715931,4963.94482116,"Median"
7,135,"Schlosser Park","CITY OF SYRACUSE","SYRACUSE","CITY","MINOR",0.1009509,"C","{1AEE7BFA-E0DD-486D-B18D-96BC48D95972}",NA,NA,NA,NA,NA,NA,NA,"SALINA ST N, STATE ST N & LAUREL ST E",NA,NA,NA,NA,NA,NA,NA,NA,NA,NA,0.000157733,0,0,0,0,0,0,0,0,0,0,0,0,0,0,0,0,0,0,0,0,0,0,0,0,"1",309.481325502,4397.31425037,"Median"
8,136,"NBT Bank Stadium","ONONDAGA COUNTY","SYRACUSE","COUNTY","MINOR",31.32740767,"O","{A5BFC61D-2650-401E-93F8-015950AA0CFB}","31150000100200020020000000","Northside","Lakefront","NW","521","Recreation","300","ALLIANCE BANK PKWY","1994","0101000300","01","001.2-02-02.0","31150000100200020180000000",NA,NA,NA,NA,NA,0.0489447,0,0,0,0,0,0,0,0,0,0,0,0,0,0,0,0,0,0,0,0,0,0,0,0,"2",5257.64629104,1364495.63776,"Community"
9,137,"First Ward Cemetery","CITY OF SYRACUSE","SYRACUSE","CITY","MINOR",3.63813102,"C","{EDC2C2EE-8E0C-4F68-8A80-367D890C9645}","31150000300000150010000000","Northside","Washington Square","NW","695","Cemetery","500","SECOND NORTH ST & GRANT B","0000","0181003700","01","003.-15-01.0",NA,NA,NA,NA,NA,NA,0.00568445,0,0,0,0,0,0,0,0,0,0,0,0,0,0,0,0,0,0,0,0,0,0,0,0,"2",1592.36820853,158472.815796,"OpenSpaceCemetary"
10,138,"Washington Square Park","CITY OF SYRACUSE","SYRACUSE","CITY","MINOR",3.01307037,"C","{A474B011-2042-44B2-81EC-D5983CC57385}","31150000200000110010000000","Northside","Washington Square","NW","963","Parks","101","WASHINGTON SQ","0000","0194100100","01","002.-11-01.0",NA,NA,NA,NA,NA,NA,0.00470782,0,1,0,0,1,0,0,0,0,0,1,0,0,0,0,0,0,0,0,1,0,0,0,0,"2",1449.11556207,131245.934133,"Neighborhood"
11,139,"Alvord Park","CITY OF SYRACUSE","SYRACUSE","CITY","MINOR",0.35383937,"C","{5612B4CB-2886-44CC-B515-5FCCC7AE7D39}","31150000600000030180000000","Northside","Court-Woodlawn","NW","963","Parks","827","COURT ST & GRANT BLVD","0000","0119006200","01","006.-03-18.0",NA,NA,NA,NA,NA,NA,0.000552682,0,0,0,0,0,0,0,0,0,0,0,0,0,0,0,0,0,0,0,0,0,0,0,0,"2",622.537875557,15407.8153217,"Median"
12,140,"McChesney Park","CITY OF SYRACUSE","SYRACUSE","CITY","MINOR",4.06400551,"C","{CFB581A4-EEF3-43FB-9C7F-E861827B9336}","31150000600000110200000000","Northside","Court-Woodlawn","NW","963","Parks","169","HOOD AVE & MC CHESNEY PAR","0000","0341001400","03","005.-01-01.0","31150000500000010010000000",NA,NA,NA,NA,NA,0.00634987,2,0,0,2,2,0,0,2,0,0,1,0,0,0,0,0,0,0,0,0,0,0,0,1,"1",2738.69403309,177023.584238,"Neighborhood"
13,141,"Duguid Park","CITY OF SYRACUSE","SYRACUSE","CITY","MINOR",0.0362359,"C","{9A8538B6-98AD-442E-855A-BD9E312519AC}","31150001000000040190000000","Northside","Northside","NE","963","Parks","1420","BUTTERNUT ST & GRANT BLVD",NA,"0413107601","04","010.-04-19.0",NA,NA,NA,NA,NA,NA,5.66174e-05,0,0,0,0,0,0,0,0,0,0,0,0,0,0,0,0,0,0,0,0,0,0,0,0,"1",183.978158279,1578.39721262,"Median"
14,142,"Feigel Park","CITY OF SYRACUSE","SYRACUSE","CITY","MINOR",0.34532848,"C","{9F551DAF-F70B-47DB-9E5E-7ABB44D15511}","31150001300000080210000000","Northside","Sedgwick","NE","330","Vacant Land","501","GRANT BLVD TO FEIGEL AVE",NA,"0434005700","04","013.-08-21.0","31150001300000080090010000",NA,NA,NA,NA,NA,0.000539564,0,0,0,0,0,0,0,0,0,0,0,0,0,0,0,0,0,0,0,0,0,0,0,0,"5",737.447972058,15042.1121541,"Median"
15,143,"Burlingham Park","CITY OF SYRACUSE","SYRACUSE","CITY","MINOR",3.29570302,"C","{2FEED69F-071F-410B-A205-D4650A1E6C22}","31150001300000110010000000","Northside","Sedgwick","NE","963","Parks","119","GRAY AVE & DORCHESTER AVE","0000","0434200100","04","013.-11-01.0",NA,NA,NA,NA,NA,NA,0.00515009,0,0,0,0,0,0,0,0,0,0,0,0,0,0,0,0,0,0,0,0,0,0,0,0,"1",1584.51577837,143575.746267,"OpenSpaceCemetary"
16,144,"Cummings Field","CITY OF SYRACUSE","SYRACUSE","CITY","MINOR",4.68975582,"C","{E23851B2-039E-4EC0-B71A-F3E8A37172CB}","31150002200000160170000000","Eastwood","Eastwood","NE","963","Parks","257","NORTH AVE REAR","1925","0465002901","04","022.-16-17.0",NA,NA,NA,NA,NA,NA,0.00732708,0,3,1,0,0,0,0,0,0,0,1,0,0,0,0,0,1,0,0,0,0,0,0,0,"5",1779.03431365,204266.453979,"Neighborhood"
17,145,"Glencove Park","CITY OF SYRACUSE","SYRACUSE","CITY","MINOR",0.05179222,"C","{658F32B4-F7B7-4A00-B5C2-E423C9811001}","31150002600000110140000000","Eastwood","Eastwood","NE","692","Community Services","199","CONKLIN AVE & GLENCOVE RD","0000","0519001000","05","026.-11-14.0",NA,NA,NA,NA,NA,NA,8.09237e-05,0,0,0,0,0,0,0,0,0,0,0,0,0,0,0,0,0,0,0,0,0,0,0,0,"5",247.292500956,2256.01299129,"Median"
18,146,"Eastwood Senior Center","CITY OF SYRACUSE","SYRACUSE","CITY","MINOR",0.24243117,"C","{53FF6BC9-9758-49B0-B2AB-D45DB4C63248}","31150002700000160230000000","Eastwood","Eastwood","NE","682","Community Services","401-03","MIDLER AVE S & SUNNYCREST","1929","0561111100","05","027.-16-23.0",NA,NA,NA,NA,NA,NA,0.000378791,0,0,0,0,0,0,0,0,0,0,0,0,0,0,0,0,0,0,0,0,0,0,0,0,"5",424.002474868,10560.0451471,"Center"
19,147,"Sheridan Playground","CITY OF SYRACUSE","SYRACUSE","CITY","MINOR",1.16849214,"C","{7FB09B7E-2CB9-490F-B2DC-35B405EEF924}","31150002700000260040000000","Eastwood","Eastwood","NE","662","Community Services","2317","BURNET AVE & NICHOLS AVE","1987","0513007600","05","027.-26-04.0",NA,NA,NA,NA,NA,NA,0.00182573,0,0,0,0,0,0,0,0,0,0,0,0,0,0,0,0,0,0,0,0,0,0,0,0,"5",1005.08023268,50898.2462511,"PlayLotsFieldsCourts"
20,148,"Huntington Park","CITY OF SYRACUSE","SYRACUSE","CITY","MINOR",3.31022909,"C","{9B69C041-F4ED-4803-95F0-A5730F37DF6C}","31150002700000210660000000","Eastwood","Eastwood","NE","330","Vacant Land","1847","BURNET AVE REAR",NA,"0513001900","05","027.-21-66.0",NA,NA,NA,NA,NA,NA,0.00517212,0,0,0,0,0,0,0,0,0,0,0,0,0,0,0,0,0,0,0,0,0,0,0,0,"5",1525.41168882,144189.950406,"Neighborhood"
21,149,"Sunnycrest Park","CITY OF SYRACUSE","SYRACUSE","CITY","MAJOR",40.77635665,"C","{7E7607A1-F2F0-4924-BEB2-759561A22B50}","31150002800000040170000000","Eastwood","Eastwood","NE","963","Parks","701","ROBINSON ST","1965","0577000100","05","028.-04-17.0","31150002000000100280000000",NA,NA,NA,NA,NA,0.0637117,1,2,2,4,3,2,0,0,0,0,1,0,1,0,0,1,1,0,1,0,0,0,0,0,"1",6885.5457187,1776172.88419,"Community"
22,150,"Lincoln Park","CITY OF SYRACUSE","SYRACUSE","CITY","MAJOR",19.38001126,"C","{C5F56A78-24DD-4DAC-A412-213C3C772608}","31150002900000040010000000","Northside","Lincoln Hill","NE","963","Parks","100","ROBINSON ST & MATHER ST &","1960","0677001100","06","029.-04-01.0",NA,NA,NA,NA,NA,NA,0.0302806,0,0,0,0,0,0,0,0,0,0,0,0,0,0,0,0,0,0,0,0,0,0,0,0,"1",3790.4127085,844172.073491,"Community"
23,152,"Rose Hill","CITY OF SYRACUSE","SYRACUSE","CITY","MINOR",11.92533802,"C","{1B24FB8A-CAB4-46B2-B743-CBD5223CA25E}","31150001600000150010000000","Northside","Northside","NE","695","Cemetery","914","LODI ST & WILLOW ST E & H","0000","0653008100","06","016.-15-01.0",NA,NA,NA,NA,NA,NA,0.018633,0,0,0,0,0,0,0,0,0,0,0,0,0,0,0,0,0,0,0,0,0,0,0,0,"1",2931.84558695,519454.780202,"OpenSpaceCemetary"
24,153,"Highland Park","CITY OF SYRACUSE","SYRACUSE","CITY","MINOR",0.57382547,"C","{95F4D435-4D28-4675-8E61-DE65F97D3FB1}","31150001600000140170000000","Northside","Northside","NE","963","Parks","421","HIGHLAND ST & BEECHER ST","0000","0639101300","06","016.-14-17.0",NA,NA,NA,NA,NA,NA,0.000896584,0,0,0,0,0,0,0,0,0,0,0,0,0,0,0,0,0,0,0,0,0,0,0,0,"1",671.422714102,24995.2184319,"PlayLotsFieldsCourts"
25,154,"Amos Park","CITY OF SYRACUSE","SYRACUSE","CITY","MINOR",0.02510773,"C","{C1A8072E-AB4A-4FEB-A397-AAEBE8AB333B}","31150000800000130220000000","Northside","Northside","NW","963","Parks","1113","MCBRIDE ST N & DIVISION S","0000","0358003700","03","008.-13-22.0",NA,NA,NA,NA,NA,NA,3.92298e-05,0,0,0,0,0,0,0,0,0,0,0,0,0,0,0,0,0,0,0,0,0,0,0,0,"2",179.196132729,1093.65843396,"Median"
26,155,"Demong Park","CITY OF SYRACUSE","SYRACUSE","CITY","MINOR",0.67097115,"C","{ECF5EE7D-D4D2-4786-B73A-0B2EB3E0AE7C}","31150000700000330400000000","Northside","Northside","NW","963","Parks","300","KIRKPATRICK ST & UNION PL","0000","0248002000","02","007.-33-40.0",NA,NA,NA,NA,NA,NA,0.00104837,0,0,0,0,0,0,0,0,0,0,0,0,0,0,0,0,0,0,0,0,0,0,0,0,"2",878.48776335,29226.7796107,"Median"
27,156,"Upper Union Park","CITY OF SYRACUSE","SYRACUSE","CITY","MINOR",0.3589227,"C","{28A7572D-3866-4797-9C32-4F5540B56BFA}","31150000700000340270000000","Northside","Northside","NW","963","Parks","1000","SALINA ST N & LODI ST","0000","0279107000","02","007.-34-27.0",NA,NA,NA,NA,NA,NA,0.000560806,0,0,0,0,0,0,0,0,0,0,0,0,0,0,0,0,0,0,0,0,0,0,0,0,"2",677.468164549,15634.3043262,"Median"
28,157,"Union Park","CITY OF SYRACUSE","SYRACUSE","CITY","MINOR",0.59130425,"C","{25198BD6-196E-4EFF-B436-9C3542858972}","31150000700000350350000000","Northside","Northside","NW","963","Parks","1001","SALINA ST N & KIRKPATRICK","0000","0279106900","02","007.-35-35.0",NA,NA,NA,NA,NA,NA,0.000923892,0,0,0,0,0,0,0,0,0,0,0,0,0,0,0,0,0,0,0,0,0,0,0,0,"2",808.733598958,25756.5391844,"PlayLotsFieldsCourts"
29,158,"Grosso Park","CITY OF SYRACUSE","SYRACUSE","CITY","MINOR",0.64006343,"C","{3C8A57F2-5733-43D5-B767-01E59E9CD5F3}","31150000700000130080000000","Northside","Washington Square","NW","963","Parks","1200","SALINA ST N & DANFORTH ST","0000","0279108700","02","007.-13-08.0",NA,NA,NA,NA,NA,NA,0.00100008,0,0,0,0,0,0,0,0,0,0,0,0,0,0,0,0,0,0,0,0,0,0,0,0,"2",873.715704902,27880.4870774,"Median"
30,159,"Bagg Place Park","CITY OF SYRACUSE","SYRACUSE","CITY","MINOR",0.05475852,"C","{4B458B1C-20B5-4D3C-9D0A-BCE51C0C8872}","31150010300000040010000000","Northside","Hawley-Green","NE","963","Parks","498","JAMES ST TO HAWLEY AVE","0000","0644000100","06","103.-04-01.0",NA,NA,NA,NA,NA,NA,8.55583e-05,0,0,0,0,0,0,0,0,0,0,0,0,0,0,0,0,0,0,0,0,0,0,0,0,"1",208.632740541,2385.21928418,"Median"
31,160,"Clinton Playground","CITY OF SYRACUSE","SYRACUSE","CITY","MINOR",0.47425731,"C","{88F41906-CAD6-47B0-B713-A8B2B03E9CD3}","31150001800000080120000000","Northside","Hawley-Green","NE","591","Recreation","501-19","LODI ST & GERTRUDE ST & C","1980","0653004900","06","018.-08-12.0",NA,NA,NA,NA,NA,NA,0.000741011,0,0,0,0,0,0,0,0,0,0,0,0,0,0,0,0,0,0,0,0,0,0,0,0,"1",597.529084518,20658.1061104,"PlayLotsFieldsCourts"
32,161,"Finnegan Park","CITY OF SYRACUSE","SYRACUSE","CITY","MINOR",0.09253333,"C","{14684249-DCA5-45CF-987F-38E88CC5A872}","31150001800000070050000000","Northside","Hawley-Green","NE","963","Parks","515","HAWLEY AVE & LODI ST","0000","0637007700","06","018.-07-05.0",NA,NA,NA,NA,NA,NA,0.00014458,0,0,0,0,0,0,0,0,0,0,0,0,0,0,0,0,0,0,0,0,0,0,0,0,"1",315.054064482,4030.64236095,"NaturalArea"
33,162,"Lewis Park","CITY OF SYRACUSE","SYRACUSE","CITY","MINOR",3.14165999,"C","{9CC55485-40C3-4F6F-B129-92829092D9AC}","31150011200000110020000000","Westside","Far Westside","NW","591","Recreation","825","MILTON AVE & LEWIS ST TO","1970","0761006800","07","112.-11-02.0",NA,NA,NA,NA,NA,NA,0.00490874,0,2,0,0,2,0,0,0,0,0,1,1,0,0,0,0,0,0,0,0,0,0,0,0,"2",1746.83932462,136847.270437,"Neighborhood"
34,163,"Porter Playscape","CITY OF SYRACUSE","SYRACUSE","CITY","MINOR",0.72516072,"C","{F482D84A-E7D2-4B63-B87F-0FA76AA58C50}","31150011200000240100000000","Westside","Far Westside","NW","963","Parks","102","ERIE ST & EMERSON AVE","1965","0726201000","07","112.-24-10.0",NA,NA,NA,NA,NA,NA,0.00113304,0,0,0,0,0,0,0,0,0,0,1,0,0,0,0,0,0,0,0,0,0,0,0,0,"2",720.931977008,31587.1914714,"PlayLotsFieldsCourts"
35,164,"Faldo Park","CITY OF SYRACUSE","SYRACUSE","CITY","MINOR",0.21467417,"C","{3C22DCBB-DC4F-4700-BB5E-6037D20CC914}","31150011100000140300000000","Westside","Tipp Hill","NW","963","Parks","501","MILTON AVE & GENESEE ST W","0000","0761003901","07","111.-14-30.0",NA,NA,NA,NA,NA,NA,0.000335422,0,0,0,0,0,0,0,0,0,0,0,0,0,0,0,0,0,0,0,0,0,0,0,0,"2",662.339650909,9350.98792874,"Median"
36,165,"Stone Throwers' Park","CITY OF SYRACUSE","SYRACUSE","CITY","MINOR",0.03167313,"C","{477B4492-B2C4-4EC0-B39A-73C848703E8B}","31150011000000060320000000","Westside","Tipp Hill","NW","963","Parks","432","TOMPKINS ST & MILTON AVE","1940","0891005800","08","110.-06-32.0",NA,NA,NA,NA,NA,NA,4.94883e-05,0,0,0,0,0,0,0,0,0,0,0,0,0,0,0,0,0,0,0,0,0,0,0,0,"2",165.969446339,1379.6492518,"DowntownParks"
37,166,"Pulaski & Kosciusko Park","CITY OF SYRACUSE","SYRACUSE","CITY","MINOR",0.5193972,"C","{4C404A4D-A4E9-4859-9E37-C4076B0DA2E0}","31150010800200070010010000","Westside","Park Ave.","NW","963","Parks","1423","GENESEE ST W & PARK AVE","0000","0231214800","02","108.2-07-01.1","31150010800200070010020000",NA,NA,NA,NA,NA,0.000811542,0,0,0,0,0,0,0,0,0,0,0,0,0,0,0,0,0,0,0,0,0,0,0,0,"2",954.579012856,22624.4058067,"Median"
38,167,"Frazer Park","CITY OF SYRACUSE","SYRACUSE","CITY","MINOR",5.69456446,"C","{2DC54F17-A77F-4F87-BEBC-171E0FA4654F}","31150010900000030020000000","Westside","Park Ave.","NW","963","Parks","801-843","PARK AVE TO RICHMOND AVE","1970","0268012900","02","109.-03-02.0",NA,NA,NA,NA,NA,NA,0.00889757,1,0,1,0,0,0,0,0,1,1,1,0,0,1,1,0,0,0,0,0,0,0,0,0,"2",2345.25747444,248049.054151,"Neighborhood"
39,168,"Leavenworth Park","CITY OF SYRACUSE","SYRACUSE","CITY","MINOR",3.45997106,"C","{3CC6D7D1-0D09-4D59-B82B-FF8D1466EB8D}","31150010500000030010000000","Westside","Park Ave.","NW","963","Parks","301","PARK AVE & MATTY AVE & WI","0000","0268002400","02","105.-03-01.0",NA,NA,NA,NA,NA,NA,0.00540609,0,0,0,0,0,0,0,0,0,0,0,0,0,0,0,0,0,0,0,0,0,0,1,0,"2",1643.17358223,150712.606564,"Neighborhood"
40,169,"Barker Square","CITY OF SYRACUSE","SYRACUSE","CITY","MINOR",0.48331836,"C","{A02463EB-593A-4601-8A20-420D3794D790}","31150010500000060030000000","Westside","Park Ave.","NW","963","Parks","101","WILKINSON ST & TRACY ST &","0000","0296000100","02","105.-06-03.0",NA,NA,NA,NA,NA,NA,0.000755167,0,0,0,0,0,0,0,0,0,0,0,0,0,0,0,0,0,0,0,0,0,0,0,0,"2",796.740724752,21052.7626286,"PlayLotsFieldsCourts"
41,170,"Armory Square Park","CITY OF SYRACUSE","SYRACUSE","CITY","MINOR",0.07187399,"C","{FD138406-0CB4-4AA6-AA6F-655BD7FDB4C4}","31150010100000140050010000","Downtown","Downtown","NW","330","Vacant Land","298","JEFFERSON ST W & FRANKLIN",NA,"0944301005","09","101.-14-05.1",NA,NA,NA,NA,NA,NA,0.0001123,0,0,0,0,0,0,0,0,0,0,0,0,0,0,0,0,0,0,0,0,0,0,0,0,"4",261.486226002,3130.74215802,"DowntownParks"
42,171,"Clinton Square","CITY OF SYRACUSE","SYRACUSE","CITY","MINOR",1.45010898,"C","{9424A5A7-C0BA-4FA1-98BD-FD63EBD2889B}","31150010400000150010000000","Downtown","Downtown","NW","963","Parks","99","SALINA ST N & ERIE BLVD W","0000","0979000100","09","104.-15-01.0","31150010400000180010000000",NA,NA,NA,NA,NA,0.00226575,0,0,0,0,0,0,0,0,0,0,0,0,0,0,0,0,0,0,0,0,0,0,0,0,"4",1017.5027416,63165.1636434,"DowntownParks"
43,172,"City Place","CITY OF SYRACUSE","SYRACUSE","CITY","MINOR",0.12605873,"C","{7E8F3938-A9BB-4C87-9B08-6B97A735C532}",NA,NA,NA,NA,NA,NA,"200","GENESEE ST E",NA,NA,NA,NA,NA,NA,NA,NA,NA,NA,0.000196962,0,0,0,0,0,0,0,0,0,0,0,0,0,0,0,0,0,0,0,0,0,0,0,0,"4",477.726930227,5490.96376312,"DowntownParks"
44,173,"Bruce Park","CITY OF SYRACUSE","SYRACUSE","CITY","MINOR",0.03280839,"C","{3DDC1337-D6D9-4191-9C44-E469F4FED897}",NA,NA,NA,NA,NA,NA,NA,"ERIE BLVD E & SALINA ST N",NA,NA,NA,NA,NA,NA,NA,NA,NA,NA,5.12623e-05,0,0,0,0,0,0,0,0,0,0,0,0,0,0,0,0,0,0,0,0,0,0,0,0,"4",175.147638041,1429.10514203,"DowntownParks"
45,174,"Vanderbilt Square","CITY OF SYRACUSE","SYRACUSE","CITY","MINOR",0.13136013,"C","{FE14A7F7-6D97-4505-A25B-8E3BE9923E46}",NA,NA,NA,NA,NA,NA,"100","WASHINGTON ST W",NA,NA,NA,NA,NA,NA,NA,NA,NA,NA,0.000205244,0,0,0,0,0,0,0,0,0,0,0,0,0,0,0,0,0,0,0,0,0,0,0,0,"4",634.041382847,5721.83939922,"DowntownParks"
46,175,"Perseverance Park","CITY OF SYRACUSE","SYRACUSE","CITY","MINOR",0.1660922,"C","{80A19441-0ED2-45DC-A9BF-65AC3CD0A8EB}",NA,NA,NA,NA,NA,NA,"200","SALINA ST S",NA,NA,NA,NA,NA,NA,NA,NA,NA,NA,0.000259513,0,0,0,0,0,0,0,0,0,0,0,0,0,0,0,0,0,0,0,0,0,0,0,0,"4",371.221698493,7234.76942244,"DowntownParks"
47,176,"Lincoln Plaza","CITY OF SYRACUSE","SYRACUSE","CITY","MINOR",0.18226762,"C","{D5043ABD-F8FE-4E32-830B-D1FBA9E55F8E}","31150010400000270020000000","Downtown","Downtown","NW","963","Parks","216-26","SALINA ST S & FAYETTE ST","0000","0979102100","09","104.-27-02.0",NA,NA,NA,NA,NA,NA,0.000284787,0,0,0,0,0,0,0,0,0,0,0,0,0,0,0,0,0,0,0,0,0,0,0,0,"4",385.119995232,7939.36860123,"DowntownParks"
48,177,"Pitts Park","CITY OF SYRACUSE","SYRACUSE","CITY","MINOR",0.056809,"C","{51A87491-4C19-4FD3-8A7D-255843C7F6BE}","31150010300000160010000000","Downtown","Downtown","SE","963","Parks","257","WATER ST E & MONTGOMERY S","0000","0994601500","09","103.-16-01.0",NA,NA,NA,NA,NA,NA,8.87625e-05,0,0,0,0,0,0,0,0,0,0,0,0,0,0,0,0,0,0,0,0,0,0,0,0,"4",202.710680997,2474.54669756,"DowntownParks"
49,178,"Hanover Square","CITY OF SYRACUSE","SYRACUSE","CITY","MINOR",0.01542711,"C","{9598B2E3-5648-4C12-8704-0E2B897E61D8}","31150010400000240100000000","Downtown","Downtown","SE","963","Parks","100","WATER ST E & WARREN ST S","0000","0994600800","09","104.-24-10.0",NA,NA,NA,NA,NA,NA,2.41044e-05,0,0,0,0,0,0,0,0,0,0,0,0,0,0,0,0,0,0,0,0,0,0,0,0,"4",131.730845546,671.989401191,"DowntownParks"
50,179,"Ida Benderson Senior Center","CITY OF SYRACUSE","SYRACUSE","CITY","MINOR",0.31503592,"C","{34C6D29F-1516-47E7-AB47-8AFDF6242B14}","31150010400000260020000000","Downtown","Downtown","SE","464","Commercial","205-13","SALINA ST S TO BANK ST","1970","0979101401","09","104.-26-02.0",NA,NA,NA,NA,NA,NA,0.000492234,0,0,0,0,0,0,0,0,0,0,0,0,0,0,0,0,0,0,0,0,0,0,0,0,"4",471.920595261,13722.6281775,"Center"
51,180,"Fayette Firefighters Memorial Park","CITY OF SYRACUSE","SYRACUSE","CITY","MINOR",1.19672657,"C","{AECE4A38-A516-490A-9089-3A7BA190537F}","31150010200000030010000000","Downtown","Downtown","SE","963","Parks","301","STATE ST S & FAYETTE ST E","0000","1586001500","15","102.-03-01.0",NA,NA,NA,NA,NA,NA,0.00186985,0,0,0,0,0,0,0,0,0,0,0,0,0,0,0,0,0,0,0,0,0,0,0,0,"4",1061.22924009,52128.1040307,"DowntownParks"
52,181,"Genesee Townsend Plaza","CITY OF SYRACUSE","SYRACUSE","CITY","MINOR",0.12902868,"C","{43A91841-00E3-4009-AD8E-4FE76B58E3E6}","31150010200000060010000000","Downtown","Downtown","SE","330","Vacant Land","500","GENESEE ST E & TOWNSEND S",NA,"1531002500","15","102.-06-01.0",NA,NA,NA,NA,NA,NA,0.00020142,0,0,0,0,0,0,0,0,0,0,0,0,0,0,0,0,0,0,0,0,0,0,0,0,"4",313.602205924,5615.2394263,"DowntownParks"
53,182,"Community Plaza","CITY OF SYRACUSE","SYRACUSE","CITY","MINOR",2.92056323,"C","{CFE30EA3-6552-486D-9E2C-38A5D5DC0125}","31150010200000070030000000","Downtown","Downtown","SE","437","Parking","701-23","STATE ST S TO HARRISON ST","1970","1586003000","15","102.-07-03.0",NA,NA,NA,NA,NA,NA,0.00456329,0,0,0,0,0,0,0,0,0,0,0,0,0,0,0,0,0,0,0,0,0,0,0,0,"4",2605.91942576,127216.60691,"DowntownParks"
54,183,"Billings Park","CITY OF SYRACUSE","SYRACUSE","CITY","MINOR",0.28700378,"C","{F887480F-978F-4202-8C1E-32E4095131D3}","31150009600000190010000000","Southside","Southside","SE","963","Parks","601","SALINA ST S & WARREN ST S","0000","0979109300","09","096.-19-01.0",NA,NA,NA,NA,NA,NA,0.000448434,0,0,0,0,0,0,0,0,0,0,0,0,0,0,0,0,0,0,0,0,0,0,0,0,"4",665.260356779,12501.562,"Median"
55,184,"Roesler Park","CITY OF SYRACUSE","SYRACUSE","CITY","MINOR",3.39220929,"C","{83A0F269-8131-42BF-B7A5-8057FC557446}","31150009500000090050010000","Southside","Southside","SE","963","Parks","201","NEW ST & STATE ST S","0000","0963000800","09","095.-09-05.1",NA,NA,NA,NA,NA,NA,0.00530022,1,1,0,1,2,0,0,0,0,0,1,0,0,0,0,0,0,0,0,0,0,0,0,0,"4",1620.14079149,147760.99293,"Neighborhood"
56,185,"Wilson Park","CITY OF SYRACUSE","SYRACUSE","CITY","MINOR",2.04797627,"C","{8E615BF3-92AC-42C1-B4F3-186919F381E3}","31150009500000130010000000","Southside","Southside","SE","963","Parks","1101","MCBRIDE ST S & JACKSON ST","1950","0958200200","09","095.-13-01.0",NA,NA,NA,NA,NA,NA,0.0031999,0,0,1,1,2,1,0,0,1,2,1,0,0,0,0,0,0,0,0,0,0,0,0,1,"4",1203.22435649,89207.6623085,"Neighborhood"
57,186,"Pass Arboretum","CITY OF SYRACUSE","SYRACUSE","CITY","MINOR",11.07339028,"C","{3B0D0EEF-5F7F-4926-8ED3-464513C54935}","31150009800200030020000000","Westside","Tipp Hill","NW","963","Parks","300","AVERY AVE S & SALISBURY R","0000","0804101200","08","098.2-03-02.0",NA,NA,NA,NA,NA,NA,0.0173018,0,0,0,0,0,0,0,0,0,0,0,0,0,0,0,0,0,0,0,1,0,0,0,0,"2",2915.58984745,482344.819261,"Neighborhood"
58,187,"Burnet Park","CITY OF SYRACUSE","SYRACUSE","CITY","MAJOR",86.99985988,"C","{BFA1BB5B-EA13-44FA-A4CB-E6D4740C09C3}","31150009800200010010010000","Westside","Tipp Hill","NW","330","Vacant Land","410","GRAND AVE",NA,"0834003001","08","098.2-01-05.3","31150009800200010050030000","31150009800200010030000000","31150009800200010020010000",NA,NA,NA,0.135934,2,1,2,2,1,0,2,1,0,1,1,1,1,1,1,1,1,1,1,0,0,0,0,0,"2",14131.6524737,3789620.71198,"Community"
59,189,"Skiddy Park","CITY OF SYRACUSE","SYRACUSE","CITY","MINOR",2.73726727,"C","{AC742F4C-F36D-418B-95B6-BE6B7637A683}","31150010000000170010000000","Westside","Near Westside","NW","963","Parks","500","TULLY ST & TIOGA ST & OTI","0000","0891105700","08","100.-17-01.0",NA,NA,NA,NA,NA,NA,0.00427689,1,0,0,0,0,0,0,0,0,0,0,0,0,0,0,0,0,0,0,0,0,0,0,1,"2",1396.19554786,119232.353015,"Neighborhood"
60,190,"Seymour Playground","CITY OF SYRACUSE","SYRACUSE","CITY","MINOR",0.1212148,"C","{9816DF4B-D9CB-4168-AE0B-72871B9492BE}","31150009700000040290000000","Westside","Near Westside","NW","210","Single Family","435","SEYMOUR ST","2010","0881101400","08","097.-04-29.0",NA,NA,NA,NA,NA,NA,0.000189395,0,0,0,0,0,0,0,0,0,0,0,0,0,0,0,0,0,0,0,0,0,0,0,0,"2",343.999634953,5279.99601878,"PlayLotsFieldsCourts"
61,191,"Shonnard Playscape","CITY OF SYRACUSE","SYRACUSE","CITY","MINOR",0.23275899,"C","{8D15D200-92DF-40B8-A090-AD01E14F1806}","31150009700000160240000000","Westside","Near Westside","NW","311","Vacant Land","425","SHONNARD ST",NA,"1082009200","10","097.-16-24.0",NA,NA,NA,NA,NA,NA,0.000363678,0,0,0,0,0,0,0,0,0,0,0,0,0,0,0,0,0,0,0,0,0,0,0,0,"2",437.927169248,10138.7184025,"PlayLotsFieldsCourts"
62,192,"Ward Bakery Park","CITY OF SYRACUSE","SYRACUSE","CITY","MINOR",0.92123492,"C","{EED9D729-629F-4FC3-B469-05886F002CF9}","31150009700000060010000000","Westside","Near Westside","NW","311","Vacant Land","231-33","SHONNARD ST",NA,"1082003700","10","097.-06-01.0",NA,NA,NA,NA,NA,NA,0.0014394,0,0,0,0,0,0,0,0,0,0,0,0,0,0,0,0,0,0,0,0,0,0,0,0,"2",831.999434684,40127.9991302,"PlayLotsFieldsCourts"
63,193,"Shonnard Street Center","CITY OF SYRACUSE","SYRACUSE","CITY","MINOR",0.39091945,"C","{0E37AAFD-9542-41F2-A70D-62930A5880D7}","31150009700000030300000000","Westside","Near Westside","NW","682","Community Services","228","SHONNARD ST","1980","1082005000","10","097.-03-30.0",NA,NA,NA,NA,NA,NA,0.0006108,0,0,0,0,0,0,0,0,0,0,0,0,0,0,0,0,0,0,0,0,0,0,0,0,"2",522.001203982,17028.071312,"Center"
64,194,"Grace & Messina Park","CITY OF SYRACUSE","SYRACUSE","CITY","MINOR",0.45455617,"C","{6B0C4ECF-3B5D-4E18-AB58-4B6D31B7CAE8}","31150009200000080150000000","Westside","Near Westside","NW","591","Recreation","200","GRACE ST & MASSENA ST","0000","1034003800","10","092.-08-15.0",NA,NA,NA,NA,NA,NA,0.000710229,0,0,0,0,0,0,0,0,0,0,1,0,0,0,0,0,0,0,0,0,0,0,0,0,"2",563.999695273,19799.9669123,"PlayLotsFieldsCourts"
65,195,"Trinity Park","CITY OF SYRACUSE","SYRACUSE","CITY","MINOR",0.23229297,"C","{C2BD08EE-0554-4C2D-966C-13F7017D2252}","31150009300000030140000000","Southside","Southwest","SW","963","Parks","613","ONONDAGA ST W & SOUTH AVE","0000","1067004900","10","093.-03-14.0",NA,NA,NA,NA,NA,NA,0.000362951,0,0,0,0,0,0,0,0,0,0,0,0,0,0,0,0,0,0,0,0,0,0,0,0,"2",441.633439647,10118.4455441,"Median"
66,196,"Onondaga-Geddes Playground","CITY OF SYRACUSE","SYRACUSE","CITY","MINOR",0.92339882,"C","{1CB27DC8-D7CA-44B8-B06D-54A446178003}","31150009200000220010000000","Westside","Near Westside","SW","963","Parks","1233-43","ONONDAGA ST W & GEDDES ST","0000","1167108600","11","092.-22-01.0",NA,NA,NA,NA,NA,NA,0.00144278,0,0,0,0,0,0,0,0,0,0,1,0,0,0,0,0,0,0,0,0,0,0,0,0,"2",826.942732657,40222.2524311,"PlayLotsFieldsCourts"
67,197,"Elliott Park","CITY OF SYRACUSE","SYRACUSE","CITY","MINOR",0.2298245,"C","{29BAF8D9-29D9-4BD5-B8C9-B37D6D1882DA}","31150009200000180230000000","Westside","Near Westside","NW","963","Parks","200","BRADLEY ST & ELLIOTT ST &","0000","1111001000","11","092.-18-23.0",NA,NA,NA,NA,NA,NA,0.000359094,0,0,0,0,0,0,0,0,0,0,0,0,0,0,0,0,0,0,0,0,0,0,0,0,"2",480.94934095,10010.9143321,"Median"
68,198,"Merry Widow Park","CITY OF SYRACUSE","SYRACUSE","CITY","MINOR",0.32220596,"C","{E0319622-25B9-4AE9-A5F5-89756B51C6BA}","31150008700000060010000000","Southside","Strathmore","SW","692","Community Services","805","BELLEVUE AVE & SUMMIT AVE","0000","1207106900","12","087.-06-01.0",NA,NA,NA,NA,NA,NA,0.000502341,0,0,0,0,0,0,0,0,0,0,0,0,0,0,0,0,0,0,0,0,0,0,0,0,"3",491.271740685,14004.4175266,"NaturalAreas"
69,199,"Spirit of Jubilee Park","CITY OF SYRACUSE","SYRACUSE","CITY","MINOR",1.87086191,"C","{2FF02267-44A1-4D5C-B458-97A0F59B5922}","31150009300000050280000000","Southside","Southwest","SW","330","Vacant Land","161-215","SOUTH AVE",NA,"1085000900","10","093.-05-28.0","31150009300000050420000000",NA,NA,NA,NA,NA,0.00292316,0,0,0,0,0,0,0,0,0,0,0,0,0,0,0,0,0,0,0,0,0,0,0,0,"2",1215.30568194,81492.7644986,"Neighborhood"
70,200,"Southwest Community Center","CITY OF SYRACUSE","SYRACUSE","CITY","MINOR",2.89909151,"C","{203DE3F1-0705-40E4-8BFB-0742962B1083}","31150009300000080120000000","Southside","Southwest","SW","632","Community Services","401-45","SOUTH AVE & CLOVER ST & L","1973","1285002000","12","093.-08-12.0",NA,NA,NA,NA,NA,NA,0.00452974,0,0,0,0,0,0,0,0,0,1,1,0,0,1,1,0,0,0,0,0,0,0,0,0,"4",1558.68085137,126281.351797,"Center"
71,201,"Onondaga Creek Park","CITY OF SYRACUSE","SYRACUSE","CITY","MINOR",0.30446016,"C","{504DA7F4-2605-466A-B888-F10816DAC8EF}","31150008600000090350000000","Southside","Southwest","SW","963","Parks","801","SOUTH AVE & MARTIN LUTHER","0000","1285010000","12","086.-09-35.0","31150007500000150290000000",NA,NA,NA,NA,NA,0.000476859,0,1,0,8,3,0,0,0,0,1,1,1,0,1,0,0,0,0,0,0,1,0,0,0,"4",766.8415249,13294.0131941,"NaturalAreas"
72,202,"Blaine Playlot","CITY OF SYRACUSE","SYRACUSE","CITY","MINOR",0.08449622,"C","{9E84AF06-6E16-4873-8BD0-FCD1B617C2D6}","31150008500000140010000000","Southside","Southwest","SW","330","Vacant Land","601-11","MIDLAND AVE",NA,"1861000100","18","085.-14-01.0",NA,NA,NA,NA,NA,NA,0.000132023,0,0,0,0,0,0,0,0,0,0,0,0,0,0,0,0,0,0,0,0,0,0,0,0,"4",263.61638353,3680.57870674,"PlayLotsFieldsCourts"
73,203,"Furman Park","CITY OF SYRACUSE","SYRACUSE","CITY","MINOR",0.02270391,"C","{2CBD9A29-E167-4CBC-B2B5-161FE144F797}","31150008500000130430000000","Southside","Southside","SW","963","Parks","701","MIDLAND AVE & CORTLAND AV","0000","1861001100","18","085.-13-43.0",NA,NA,NA,NA,NA,NA,3.54742e-05,0,0,0,0,0,0,0,0,0,0,0,0,0,0,0,0,0,0,0,0,0,0,0,0,"4",168.936015262,988.958917362,"Median"
74,204,"Libba Cotten Grove","CITY OF SYRACUSE","SYRACUSE","CITY","MINOR",2.49911893,"C","{7DFB0473-B1AA-4035-811F-7F9FCA3258A0}","31150008500000050110000000","Southside","Southside","SE","963","Parks","1316-38","STATE ST S & MARTIN LUTHE","1975","1886008000","18","085.-05-11.0","31150008500000050090000000",NA,NA,NA,NA,NA,0.00390479,0,0,0,1,1,1,0,0,0,0,1,0,0,0,0,0,0,0,0,0,0,0,0,0,"4",1882.17183677,108858.925889,"Neighborhood"
75,205,"Central Village Youth Center","CITY OF SYRACUSE","SYRACUSE","CITY","MINOR",0.75428747,"C","{ED933D47-4842-487F-AE34-6AC6F817F6CE}","31150009400000150010000000","Southside","Southside","SE","682","Community Services","301-07","OAKWOOD AVE & VANBUREN ST","1989","1866002601","18","094.-15-01.0",NA,NA,NA,NA,NA,NA,0.00117855,0,0,0,0,0,0,0,0,0,0,0,0,0,0,0,0,0,0,0,0,0,0,0,0,"4",900.846315819,32855.9576595,"Center"
76,206,"Wadsworth Park","CITY OF SYRACUSE","SYRACUSE","CITY","MINOR",8.62645861,"C","{C43D4C9D-D3C8-4F2A-889F-8C2F3CF9E881}","31150008100000030260000000","Southside","Strathmore","SW","963","Parks","1200","GLENWOOD AVE & REED AVE &","0000","1132000800","11","081.-03-26.0","31150008100000070010000000",NA,NA,NA,NA,NA,0.0134787,1,0,2,2,1,0,0,0,0,0,1,1,0,0,0,0,0,0,0,0,0,0,0,0,"3",3697.79692648,375763.567197,"Neighborhood"
77,207,"Onondaga Park","CITY OF SYRACUSE","SYRACUSE","CITY","MAJOR",79.14502993,"C","{2BB699A5-8EDF-4719-B379-1BB5AB127905}","31150008200000040060000000","Southside","Elmwood","SW","963","Parks","951","SOUTH AVE","1940","1285011505","12","083.-08-01.0","31150008300000080010000000","31150008700000060470000000",NA,NA,NA,NA,0.123663,0,0,0,0,0,0,0,0,0,0,0,0,0,0,0,0,0,0,0,0,0,0,0,0,"3",15135.5281119,3447522.3112,"Community"
78,208,"City Park","CITY OF SYRACUSE","SYRACUSE","CITY","MINOR",0.08901951,"C","{A97EF477-BC4E-4499-B8D3-7159729D2848}","31150008600000140180000000","Southside","Southwest","SW","963","Parks","857","SOUTH AVE & CORTLAND AVE","0000","1285009900","12","086.-14-18.0",NA,NA,NA,NA,NA,NA,0.00013909,0,0,0,0,0,0,0,0,0,0,0,0,0,0,0,0,0,0,0,0,0,0,0,0,"4",258.721318115,3877.60389011,"Median"
79,209,"Kirk Park","CITY OF SYRACUSE","SYRACUSE","CITY","MAJOR",34.00782659,"C","{03C81148-3EE9-4F74-BA36-4B84EC4E788E}","31150008300000030010000000","Southside","Elmwood","SW","692","Community Services","906","COLVIN ST W & HUNT AVE","0000","1318100201","13","083.-07-01.0","31150008300000070270000000","31150008300000070280000000","31150008300000020590000000","31150008300000070010000000",NA,NA,0.0531388,2,0,3,9,2,4,0,0,1,1,1,0,0,1,0,0,1,0,1,0,0,0,0,1,"4",10275.9934805,1481419.59909,"Community"
80,210,"Onondaga Creek Blvd. Park","CITY OF SYRACUSE","SYRACUSE","CITY","MINOR",15.78271598,"C","{EEAA19A2-FB80-483A-B8DB-A3773E979C92}","31150007300000080360010000","Southside","Brighton","SW","692","Community Services","375","MATSON AVE W TO CONAN","0000","1357002902","13","073.-08-36.1","31150007500000020240000000","31150007800000100060000000","31150007800000110110000000","31150007800000110130000000","31150007800000040010000000","31150007800000040140000000",0.0246592,0,0,0,0,0,0,0,0,0,0,0,0,0,0,0,0,0,0,0,0,0,0,0,0,"3",11253.7534268,687456.55492,"Community"
81,212,"McKinley Park","CITY OF SYRACUSE","SYRACUSE","CITY","MINOR",7.50525755,"C","{5F243B8C-9C3B-4AF9-B993-C66D037954D9}","31150007500000100020000000","Southside","Brighton","SW","963","Parks","351","NEWELL ST W TO KENMORE AV","1975","1364001200","13","075.-10-02.0",NA,NA,NA,NA,NA,NA,0.0117267,1,0,0,3,1,1,0,0,1,1,0,0,0,1,1,0,0,0,0,0,0,0,0,0,"3",3181.918103,326921.258502,"Neighborhood"
82,213,"Abbott Park","CITY OF SYRACUSE","SYRACUSE","CITY","MINOR",0.19260224,"C","{F9B922CD-F97A-49D7-BA2E-441B2DC9D32B}","31150007300000070030000000","Southside","North Valley","SW","963","Parks","101","ATLANTIC AVE & BALLANTYNE","0000","1304300100","13","073.-07-03.0",NA,NA,NA,NA,NA,NA,0.000300934,0,0,0,0,0,0,0,0,0,0,0,0,0,0,0,0,0,0,0,0,0,0,0,0,"3",493.096751006,8389.53392812,"Median"
83,214,"Cannon Street Park","CITY OF SYRACUSE","SYRACUSE","CITY","MINOR",0.58563823,"C","{855F46C2-087B-4D48-9749-5181E11BDF97}","31150007700000190240010000","Southside","Brighton","SW","484","Commercial","515","CANNON ST & BRIGHTON AVE","2004","1914005002","19","077.-19-24.1",NA,NA,NA,NA,NA,NA,0.000915041,0,0,0,0,0,0,0,0,0,0,0,0,0,0,0,0,0,0,0,0,0,0,0,0,"4",773.732026889,25509.7788935,"Neighborhood"
84,215,"Danforth Park","CITY OF SYRACUSE","SYRACUSE","CITY","MINOR",0.29952413,"C","{9153E9AE-60DC-4FD7-8603-C08F596005C5}","31150008400000050250000000","Southside","Southside","SE","963","Parks","220","KENNEDY ST E & BAKER AVE","0000","1847002300","18","084.-05-25.0",NA,NA,NA,NA,NA,NA,0.000467996,0,0,0,0,0,0,0,0,0,0,0,0,0,0,0,0,0,0,0,0,0,0,0,0,"4",461.148756533,13046.9406935,"OpenSpaceCemetary"
85,216,"Baker Playground","CITY OF SYRACUSE","SYRACUSE","CITY","MINOR",0.453691,"C","{5CE1ED6C-1E23-49B7-907B-14CA4AFB4C98}","31150008400000090250000000","Southside","Southside","SE","311","Vacant Land","213-27","BAKER AVE",NA,"1805001701","18","084.-09-25.0",NA,NA,NA,NA,NA,NA,0.000708878,0,0,0,0,0,0,0,0,0,0,1,0,0,0,0,0,0,0,0,0,0,0,0,0,"4",622.186954941,19762.3069164,"PlayLotsFieldsCourts"
86,217,"Glenwood Park","CITY OF SYRACUSE","SYRACUSE","CITY","MINOR",0.05966927,"C","{E7C94B29-F644-4511-9B9A-EF2A5F4C3E55}",NA,NA,NA,NA,NA,NA,NA,"GLENWOOD AVE & STRATHMORE DR",NA,NA,NA,NA,NA,NA,NA,NA,NA,NA,9.32311e-05,0,0,0,0,0,0,0,0,0,0,0,0,0,0,0,0,0,0,0,0,0,0,0,0,"3",209.193483941,2599.12342478,"Median"
87,218,"Elmwood Park","CITY OF SYRACUSE","SYRACUSE","CITY","MAJOR",24.65125985,"C","{37E65DCE-C078-4780-9FB5-7A996DF78E24}","31150007900000180100000000","Southside","Elmwood","SW","330","Vacant Land","133","GLENWOOD AVE",NA,"1332200401","13","079.-18-10.0","31150007900000180110000000","31150008000000110680000000",NA,NA,NA,NA,0.0385191,0,1,0,0,0,0,0,0,0,0,1,0,0,0,0,0,0,0,0,1,0,0,0,0,"3",8722.08237813,1073847.51907,"Community"
88,219,"Van Duyn Field","CITY OF SYRACUSE","SYRACUSE","CITY","MINOR",19.08048214,"C","{297571B5-85D7-4148-85DC-7DBD9E012867}","31150007000000070100000000","Valley","North Valley","SW","592","Recreation","301","FLORENCE AVE W TO MILBURN","1960","1329200101","13","070.-07-10.0",NA,NA,NA,NA,NA,NA,0.0298127,0,0,0,0,0,0,0,0,0,0,0,0,0,0,0,0,0,0,0,0,0,0,0,0,"3",4775.59801425,831126.47583,"Community"
89,220,"Onondaga Village Green","CITY OF SYRACUSE","SYRACUSE","CITY","MINOR",1.1840367,"C","{41A4BACA-C555-4098-B859-D9D74EAA0741}","31150007000000070410000000","Valley","North Valley","SW","963","Parks","329","MILBURN DR","0000","1361102405","13","070.-07-41.0","31150007000000090290000000",NA,NA,NA,NA,NA,0.00185002,0,0,0,0,0,0,0,0,0,0,0,0,0,0,0,0,0,0,0,0,0,0,0,0,"3",2233.6147884,51575.3755864,"Median"
90,221,"Bob Cecile Sr. Center and Playground","CITY OF SYRACUSE","SYRACUSE","CITY","MINOR",2.027709,"C","{DDEF036D-F7BB-453D-AE32-848F0D8A70C6}","31150007100000190230000000","Valley","North Valley","SW","662","Community Services","174-76","SENECA TNPK W & MIDLAND A","1970","1481400601","14","071.-19-23.0",NA,NA,NA,NA,NA,NA,0.00316824,0,0,0,0,0,0,0,0,0,0,0,0,0,0,0,0,0,0,0,0,0,0,0,0,"3",1350.62482379,88324.9895292,"Center"
91,222,"Academy Green Park","CITY OF SYRACUSE","SYRACUSE","CITY","MINOR",2.0487991,"C","{626B34F4-6DBF-4451-BCC0-A9D36301679A}","31150006900000070350000000","Valley","South Valley","SW","963","Parks","105","ACADEMY GRN","0000","1301000100","13","069.-07-35.0",NA,NA,NA,NA,NA,NA,0.0032012,0,0,0,0,0,0,0,0,0,0,0,0,0,0,0,0,0,0,0,0,0,0,0,0,"3",1471.30804575,89243.9364754,"OpenSpaceCemetary"
92,223,"Meachem Field","CITY OF SYRACUSE","SYRACUSE","CITY","MAJOR",54.03438607,"C","{48EE0DDA-388C-4CD2-AC0A-B480C4093033}","31150006500100020010000000","Valley","South Valley","SW","963","Parks","100-12","MARION ST TO BROOKLEA DR","2002","1356300101","13","065.1-02-01.0","31150006800000010010000000",NA,NA,NA,NA,NA,0.0844283,2,1,2,3,0,0,0,0,0,0,0,1,0,0,0,0,0,0,0,0,0,0,0,0,"3",7578.63339315,2353716.25292,"Community"
93,225,"Meachem Parkway","CITY OF SYRACUSE","SYRACUSE","CITY","MINOR",32.58223617,"C","{1C33CA03-EBEC-491D-9D0E-5AC17C7DEE09}","31150006500100020010000000","Valley","South Valley","SW","963","Parks","100-12","MARION ST TO BROOKLEA DR","2002","1356300101","13","065.1-02-01.0","31150006800000010010000000",NA,NA,NA,NA,NA,0.0509097,0,0,0,0,0,0,0,0,0,0,0,0,0,0,0,0,0,0,0,0,0,0,0,0,"3",9948.40767999,1419274.6707,"Community"
94,226,"Heath Park","CITY OF SYRACUSE","SYRACUSE","CITY","MINOR",25.61498097,"C","{D4EFCF12-8388-4180-8AC6-C23A42D454B3}","31150006300000010420000000","Valley","South Valley","SE","963","Parks","5559","SALINA ST S REAR","0000","1479031201","14","063.-01-42.0",NA,NA,NA,NA,NA,NA,0.0400234,0,0,0,0,0,0,0,0,0,0,0,0,0,0,0,0,0,0,0,0,0,0,0,0,"3",7176.1596143,1115782.81001,"Community"
95,227,"Comfort Tyler Park","CITY OF SYRACUSE","SYRACUSE","CITY","MINOR",6.26608511,"C","{2506791D-1A9D-4F9E-A7A5-E439F24C42D5}","31150005800000140020000000","Eastside","Outer Comstock","SE","963","Parks","1212-44","COLVIN ST E & COMSTOCK AV","0000","1918010900","19","058.-14-02.0",NA,NA,NA,NA,NA,NA,0.00979045,0,0,2,2,1,0,0,0,0,0,1,0,0,0,0,0,0,0,0,1,0,0,0,0,"4",2482.43420835,272940.87157,"Neighborhood"
96,228,"Morningside Heights Park","CITY OF SYRACUSE","SYRACUSE","CITY","MINOR",13.79612927,"C","{AE3069C3-BC88-4D6C-A366-48ABF67E5295}","31150005100000020010000000","Eastside","University Neighborhood","SE","822","Utilities","1387","COLVIN ST E REAR","1960","1918011101","19","051.-02-01.0",NA,NA,NA,NA,NA,NA,0.021556,0,0,0,0,0,0,0,0,0,0,0,0,0,0,0,0,0,0,0,0,0,0,0,0,"4",3915.46411375,600944.81419,"Neighborhood"
97,229,"Barry Park","CITY OF SYRACUSE","SYRACUSE","CITY","MAJOR",12.62800774,"C","{FEF76E15-6EFF-4681-B7FE-7C3ED530DB55}","31150005500000050010000000","Eastside","University Neighborhood","SE","963","Parks","600","BROAD ST & WESTCOTT ST &","1960","1912001900","19","055.-05-01.0",NA,NA,NA,NA,NA,NA,0.0197297,2,0,3,2,1,2,0,0,0,0,1,1,0,0,0,0,0,0,0,0,0,0,0,0,"4",3493.57495044,550031.058179,"Neighborhood"
98,230,"Sherman Field","CITY OF SYRACUSE","SYRACUSE","CITY","MINOR",2.18605913,"C","{5CE8BAFC-29D0-4DD5-9133-10C3B03DC0B2}","31150005500000120010000000","Eastside","University Neighborhood","SE","963","Parks","1401","WESTMORELAND AVE & TECUMS","1960","1995203700","19","055.-12-01.0",NA,NA,NA,NA,NA,NA,0.00341482,0,0,0,0,0,0,0,0,0,0,0,0,0,0,0,0,0,0,0,0,0,0,0,0,"5",1231.05454917,95199.4577216,"Neighborhood"
99,231,"Cumberland Park","CITY OF SYRACUSE","SYRACUSE","CITY","MINOR",0.55809525,"C","{855CF419-4AF0-4890-B20A-CE121A3A32B6}","31150005300000170020000000","Eastside","Westcott","SE","963","Parks","825","MEADOWBROOK DR & DAKOTA S","0000","1760000301","17","053.-17-02.0",NA,NA,NA,NA,NA,NA,0.000871394,0,0,0,0,0,0,0,0,0,0,0,0,0,0,0,0,0,0,0,0,0,0,0,0,"5",645.145287303,24292.9708407,"Median"
100,232,"Berkeley Park","CITY OF SYRACUSE","SYRACUSE","CITY","MINOR",0.08412982,"C","{3125C9C5-C237-42D1-8C50-2B16E124FFDE}","31150005200000170130000000","Eastside","University Neighborhood","SE","330","Vacant Land","345","BERKELEY DR AT BROAD ST",NA,"1608002900","16","052.-17-13.0",NA,NA,NA,NA,NA,NA,0.00013145,0,0,0,0,0,0,0,0,0,0,0,0,0,0,0,0,0,0,0,0,0,0,0,0,"4",300.956489994,3664.61202023,"Median"
101,233,"Westminster Park","CITY OF SYRACUSE","SYRACUSE","CITY","MINOR",5.15996629,"C","{0F474E8D-67E4-4C03-844C-D3309671D669}","31150005200000060080000000","Eastside","University Neighborhood","SE","963","Parks","730-36","EUCLID AVE","0000","1626107800","16","052.-06-08.0",NA,NA,NA,NA,NA,NA,0.00806336,0,0,0,0,0,0,0,0,0,0,0,0,0,0,0,0,0,0,0,0,0,0,0,0,"4",2678.12670797,224792.75915,"Neighborhood"
102,234,"Dewitt Park","CITY OF SYRACUSE","SYRACUSE","CITY","MINOR",1.04809804,"C","{72DC0C7A-8797-4407-A88D-BA7EE0DC875C}","31150004000000050250000000","Eastside","Meadowbrook","SE","963","Parks","99","DEWITT RD","0000","1722400100","17","040.-05-25.0",NA,NA,NA,NA,NA,NA,0.00163695,0,0,0,0,0,0,0,0,0,0,0,0,0,0,0,0,0,0,0,0,0,0,0,0,"5",3355.97390233,45635.4153348,"NaturalAreas"
103,235,"Nottingham Courts","CITY OF SYRACUSE","SYRACUSE","CITY","MINOR",2.44798666,"C","{D92C8915-54AD-4155-A303-83477C1162F1}","31150004200000040020000000","Eastside","Meadowbrook","SE","963","Parks","140","KIMBER RD","0000","1747103500","17","042.-04-02.0",NA,NA,NA,NA,NA,NA,0.00382622,0,0,0,0,0,0,0,0,0,0,0,0,0,0,0,0,0,0,0,0,0,0,0,0,"5",1347.96099668,106668.341512,"PlayLotsFieldsCourts"
104,236,"Edgehill Park","CITY OF SYRACUSE","SYRACUSE","CITY","MINOR",1.23561126,"C","{68D8DD6B-8D30-4E97-AAC2-307651415714}","31150003800000150170000000","Eastside","Meadowbrook","SE","330","Vacant Land","2923","GENESEE ST E & EDGEHILL R",NA,"1731314400","17","038.-15-17.0","31150003800000150180000000",NA,NA,NA,NA,NA,0.00192904,0,0,0,0,0,0,0,0,0,0,0,0,0,0,0,0,0,0,0,0,0,0,0,0,"5",1013.581374,53778.4034063,"NaturalAreas"
105,237,"Salt Springs Park","CITY OF SYRACUSE","SYRACUSE","CITY","MINOR",0.15897794,"C","{E67D15DA-0FD3-417B-9BD0-27F59BFB9F03}","31150003700000120210000000","Eastside","Meadowbrook","SE","963","Parks","2601","GENESEE ST E & SALT SPRIN","0000","1731309900","17","037.-12-21.0",NA,NA,NA,NA,NA,NA,0.000248398,0,0,0,0,0,0,0,0,0,0,0,0,0,0,0,0,0,0,0,0,0,0,0,0,"5",397.649692969,6924.89878883,"Median"
106,238,"Thornden Park","CITY OF SYRACUSE","SYRACUSE","CITY","MAJOR",75.9369896,"C","{4AF24559-3570-4C3B-A25E-E193D92BD8B7}","31150004600000020010000000","Eastside","Westcott","SE","963","Parks","501","OSTROM AVE","1934","1667001400","16","046.-02-01.0","31150004700000220010000000",NA,NA,NA,NA,NA,0.118647,0,0,1,5,3,0,0,0,0,1,1,2,0,0,1,0,1,0,0,2,0,1,1,0,"5",8164.0913174,3307688.2524,"Community"
107,239,"Lodi Cemetery","CITY OF SYRACUSE","SYRACUSE","CITY","MINOR",0.4755304,"C","{623CE156-4E46-4251-A0F4-B4A835F0C04B}","31150004700000140160000000","Eastside","Westcott","SE","695","Cemetery","505","BEECH ST S","0000","1707200200","17","047.-14-16.0",NA,NA,NA,NA,NA,NA,0.000743001,0,0,0,0,0,0,0,0,0,0,0,0,0,0,0,0,0,0,0,0,0,0,0,0,"5",667.523333965,20713.5964063,"OpenSpaceCemetary"
108,240,"Forbes Park","CITY OF SYRACUSE","SYRACUSE","CITY","MINOR",0.08162628,"C","{7A7FFB60-9A5E-480C-9D9F-431DA156B618}","31150004700000160090000000","Eastside","Westcott","SE","330","Vacant Land","1223","MADISON ST & BEECH ST S",NA,"1655003400","16","047.-16-09.0",NA,NA,NA,NA,NA,NA,0.000127683,0,0,0,0,0,0,0,0,0,0,0,0,0,0,0,0,0,0,0,0,0,0,0,0,"5",307.292739951,3559.58357863,"OpenSpaceCemetary"
109,241,"Loguen Park","CITY OF SYRACUSE","SYRACUSE","CITY","MINOR",1.50470338,"C","{9DEFA564-B5D1-474F-A6CE-826A7C475A87}","31150004700000110010000000","Eastside","Near Eastside","SE","963","Parks","1801","GENESEE ST E & LEXINGTON","0000","1731302300","17","047.-11-01.0",NA,NA,NA,NA,NA,NA,0.00235105,0,0,0,0,0,0,0,0,0,0,0,0,0,0,0,0,0,0,0,0,0,0,0,0,"5",1313.10452521,65543.264453,"Neighborhood"
110,242,"Comstock Park","CITY OF SYRACUSE","SYRACUSE","CITY","MINOR",2.57109691,"C","{8EEAAAA2-6DB9-4B29-ABEE-09A160491207}","31150004900000120010000000","Eastside","University Hill","SE","963","Parks","900","WALNUT AVE & MARSHALL ST","0000","1694005500","16","049.-12-01.0","31150004900000060010000000","31150004900000050010000000",NA,NA,NA,NA,0.00401726,0,0,0,0,0,0,0,0,0,0,0,0,0,0,0,0,0,0,0,0,0,0,0,0,"5",2868.61393103,111994.272492,"Median"
111,243,"Forman Park","CITY OF SYRACUSE","SYRACUSE","CITY","MINOR",1.06142379,"C","{9FC64CCB-3F69-44C8-8F6A-51F56FDF1CB2}","31150004800000150010000000","Eastside","University Hill","SE","963","Parks","501","FORMAN AVE & GENESEE ST E","0000","1529002300","15","048.-15-01.0",NA,NA,NA,NA,NA,NA,0.00165742,0,0,0,0,0,0,0,0,0,0,0,0,0,0,0,0,0,0,0,0,0,0,0,0,"4",1175.45961137,46206.0051256,"DowntownParks"
112,244,"Osmond Spencer Park","CITY OF SYRACUSE","SYRACUSE","CITY","MINOR",3.19302379,"C","{7A9F0CC4-74F1-4036-9005-C3DF8D8F1E47}","31150003000000190010000000","Eastside","University Hill","SE","591","Recreation","1100-34","WATER ST E & UNIVERSITY A","0000","1594207600","15","030.-19-01.0",NA,NA,NA,NA,NA,NA,0.004989,0,0,0,0,0,0,0,0,0,0,0,0,0,0,0,0,0,0,0,0,0,0,0,0,"4",1582.63004879,139084.668937,"Neighborhood"
113,245,"Westmoreland Park","CITY OF SYRACUSE","SYRACUSE","CITY","MINOR",2.44865689,"C","{EAC82325-6B85-48A3-899C-89FCD610391B}","31150003600000010140000000","Eastside","Near Eastside","SE","963","Parks","200-252","WESTMORELAND AVE TO IVES","0000","1795300301","17","036.-01-14.0",NA,NA,NA,NA,NA,NA,0.00382595,1,0,1,0,1,0,0,0,0,0,1,0,0,0,0,0,0,0,0,0,0,0,0,1,"5",1386.004223,106660.849579,"Neighborhood"
114,246,"Homer Wheaton Park","CITY OF SYRACUSE","SYRACUSE","CITY","MAJOR",16.9077942,"C","{75A05771-3227-46D8-ACC8-3CB1D29CE655}","31150003500000020010000000","Eastside","Salt Springs","SE","963","Parks","301","MOUNTAINVIEW AVE & HAZELW","0000","1762105100","17","035.-02-01.0",NA,NA,NA,NA,NA,NA,0.0264179,1,0,4,0,4,0,1,0,0,0,1,0,0,0,0,0,0,0,0,1,0,0,0,0,"5",4684.54144471,736485.03524,"Neighborhood"
115,247,"Arsenal Park","CITY OF SYRACUSE","SYRACUSE","CITY","MINOR",0.0172824,"C","{B8825287-8AB2-4874-B2FD-34E762ABF6CD}","31150006800000030350000000","Valley","South Valley","SE","330","Vacant Land","400","SENECA TNPK E",NA,"1481306000","14","068.-03-35.0",NA,NA,NA,NA,NA,NA,2.70032e-05,0,0,0,0,0,0,0,0,0,0,0,0,0,0,0,0,0,0,0,0,0,0,0,0,"3",161.315059211,752.802198871,"Median"
116,267,"Creekwalk Area","CITY OF SYRACUSE","SYRACUSE","CITY","MINOR",8.15354071,"C","{4ADD64AB-AB1A-48D6-8D92-BEBE8B23B3EB}","31150010400000290040020000","Downtown","Downtown","NW","330","Vacant Land","346","FAYETTE ST W TO WASHINGTO",NA,"0927103103","09","104.-29-04.2","31150010400000110040020000","31150011800000080050000000","31150011800000020170030000","31150010100000150070010000","31150011800000080060010000","31150011700000080080010000",0.0127391,0,0,0,0,0,0,0,0,0,0,0,0,0,0,0,0,0,0,0,0,0,0,0,0,"2",23700.5119313,355145.435723,"Neighborhood"
117,268,"Columbus Circle","CITY OF SYRACUSE","SYRACUSE","CITY","MINOR",0.16189926,"C","{71F507FE-8F93-400E-9626-A5097401A499}","31150010200000140150000000","Downtown","Downtown","SE","963","Parks","360","MONTGOMERY ST & JEFFERSON","0000","0962000900","09","102.-14-15.0",NA,NA,NA,NA,NA,NA,0.000252963,0,0,0,0,0,0,0,0,0,0,0,0,0,0,0,0,0,0,0,0,0,0,0,0,"4",298.070129655,7052.16781528,"DowntownParks"
118,269,"Rosamond Gifford Zoo","ONONDAGA COUNTY","SYRACUSE","COUNTY","MAJOR",44.57685092,"O","{935CC64E-8C12-4DEF-8B40-045A9BA726BC}","31150009800200010020010000","Westside","Tipp Hill","NW","330","Vacant Land","410","GRAND AVE",NA,"0834003001","08","098.2-01-05.3","31150009800200010010010000","31150009800200010030000000","31150009800200010050030000",NA,NA,NA,0.0696499,0,0,0,0,0,0,0,0,0,0,0,0,0,0,0,0,0,0,0,0,0,0,0,0,"2",8010.91436346,1941719.59153,"Community"
119,324,"Rand Tract Park","CITY OF SYRACUSE","SYRACUSE","CITY","MINOR",96.33840677,"C","{D8346744-EB6C-4D92-ACD6-D19AFE3A3551}","31150006500100010240000000","Valley","South Valley","SW","311","Vacant Land","1944","VALLEY DR REAR",NA,"1393124103","13","065.1-01-24.0","31150006500100010010000000",NA,NA,NA,NA,NA,0.145473,0,0,0,0,0,0,0,0,0,0,0,0,0,0,0,0,0,0,0,0,0,0,0,0,"3",10752.8124588,4055550.76894,"NaturalAreas"
120,326,"Schiller Park","CITY OF SYRACUSE","SYRACUSE","CITY","MAJOR",38.28359584,"C","{5559F363-C869-48B2-81ED-B50676C39573}","31150001500000040330000000","Northside","Northside","NE","963","Parks","1100","HIGHLAND ST & OAK ST","1975","0439210100","04","010.-15-13.1","31150001000000150130010000",NA,NA,NA,NA,NA,0.0598564,2,0,0,6,1,0,2,0,0,1,1,0,0,1,0,0,0,0,0,0,0,0,0,0,"1",7036.15931855,1668695.12859,"Community"
